{
  "sensitivities": {
    "layer_0": 0.0025000000000000022,
    "layer_1": 0.005500000000000005,
    "layer_2": 0.006000000000000005,
    "layer_3": 0.0050000000000000044,
    "layer_4": -0.0010000000000000009,
    "layer_5": 0.0025000000000000022,
    "layer_6": 0.0050000000000000044,
    "layer_7": 0.003500000000000003,
    "layer_8": 0.004500000000000004,
    "layer_9": 0.005500000000000005,
    "layer_10": 0.0,
    "layer_11": 0.006000000000000005,
    "layer_12": 0.0005000000000000004,
    "layer_13": 0.0030000000000000027,
    "layer_14": 0.0005000000000000004,
    "layer_15": 0.0020000000000000018,
    "layer_16": 0.0030000000000000027,
    "layer_17": 0.0030000000000000027,
    "layer_18": 0.0015000000000000013,
    "layer_19": 0.004500000000000004,
    "layer_20": 0.0050000000000000044,
    "layer_21": 0.007500000000000007
  },
  "metadata": {
    "method": "PMPQ",
    "sensitivity_type": "pruning_accuracy_drop",
    "formula": "sensitivity[i] = baseline_accuracy - pruned_accuracy",
    "model_key": "TinyLlama-1.1B",
    "model_name": "TinyLlama/TinyLlama-1.1B-intermediate-step-1431k-3T",
    "num_layers": 22,
    "hidden_dim": 2048,
    "group_size": 128,
    "sparsity_level": 0.3,
    "calibration_split": "train",
    "calibration_samples": 2000,
    "max_length": 2048,
    "batch_size": 64,
    "baseline_accuracy": 0.493,
    "baseline_correct": 986,
    "baseline_total": 2000,
    "fp32_model_size_mb": 4196.3516845703125,
    "device": "cuda",
    "num_gpus": 4,
    "timestamp": "20260327_172359",
    "note": "Higher sensitivity = more accuracy drop when pruned = more sensitive to quantization = assign higher bit-width."
  },
  "timing": {
    "model_loading_time_s": 10.462183237075806,
    "baseline_evaluation_time_s": 116.6339910030365,
    "sensitivity_computation_time_s": 2760.896233320236,
    "total_pipeline_time_s": 2771.362258911133,
    "per_layer_times_s": {
      "layer_0": 120.70372295379639,
      "layer_1": 120.81240797042847,
      "layer_2": 120.39325952529907,
      "layer_3": 120.32645201683044,
      "layer_4": 120.40072298049927,
      "layer_5": 119.87373971939087,
      "layer_6": 120.26046705245972,
      "layer_7": 121.02588081359863,
      "layer_8": 120.3492751121521,
      "layer_9": 118.48375391960144,
      "layer_10": 120.71920871734619,
      "layer_11": 120.30370306968689,
      "layer_12": 120.46023178100586,
      "layer_13": 120.24165463447571,
      "layer_14": 120.51836585998535,
      "layer_15": 118.16533088684082,
      "layer_16": 119.74200534820557,
      "layer_17": 120.23672389984131,
      "layer_18": 120.3163366317749,
      "layer_19": 120.52159833908081,
      "layer_20": 119.3035957813263,
      "layer_21": 118.06728720664978
    }
  },
  "per_layer_pruned_accuracies": {
    "layer_0": 0.4905,
    "layer_1": 0.4875,
    "layer_2": 0.487,
    "layer_3": 0.488,
    "layer_4": 0.494,
    "layer_5": 0.4905,
    "layer_6": 0.488,
    "layer_7": 0.4895,
    "layer_8": 0.4885,
    "layer_9": 0.4875,
    "layer_10": 0.493,
    "layer_11": 0.487,
    "layer_12": 0.4925,
    "layer_13": 0.49,
    "layer_14": 0.4925,
    "layer_15": 0.491,
    "layer_16": 0.49,
    "layer_17": 0.49,
    "layer_18": 0.4915,
    "layer_19": 0.4885,
    "layer_20": 0.488,
    "layer_21": 0.4855
  },
  "ranked_layers_most_to_least_sensitive": [
    21,
    2,
    11,
    1,
    9,
    3,
    6,
    20,
    8,
    19,
    7,
    13,
    16,
    17,
    0,
    5,
    15,
    18,
    12,
    14,
    10,
    4
  ]
}