{
  "meta": {
    "model_name_or_path": "TinyLlama/TinyLlama-1.1B-intermediate-step-1431k-3T",
    "dataset": "BoolQ",
    "split": "train",
    "max_samples": 2000,
    "batch_size": 64,
    "sparsity": 0.3,
    "dtype": "fp32",
    "baseline_accuracy": 61.25000000000001,
    "max_length": 512,
    "timestamp": "20260330_093732",
    "official_score": 57.83
  },
  "sensitivities": {
    "model.layers.0.mlp.down_proj": -0.19999999999999574,
    "model.layers.0.mlp.gate_proj": -0.09999999999999432,
    "model.layers.0.mlp.up_proj": -0.19999999999999574,
    "model.layers.0.self_attn.k_proj": -0.04999999999999005,
    "model.layers.0.self_attn.o_proj": -0.09999999999999432,
    "model.layers.0.self_attn.q_proj": -0.04999999999999005,
    "model.layers.0.self_attn.v_proj": -0.8999999999999986,
    "model.layers.1.mlp.down_proj": 0.15000000000000568,
    "model.layers.1.mlp.gate_proj": 0.0,
    "model.layers.1.mlp.up_proj": -0.2499999999999929,
    "model.layers.1.self_attn.k_proj": -0.04999999999999005,
    "model.layers.1.self_attn.o_proj": -0.6000000000000014,
    "model.layers.1.self_attn.q_proj": -0.19999999999999574,
    "model.layers.1.self_attn.v_proj": -0.29999999999999716,
    "model.layers.10.mlp.down_proj": 0.15000000000000568,
    "model.layers.10.mlp.gate_proj": -0.54999999999999,
    "model.layers.10.mlp.up_proj": -0.3999999999999986,
    "model.layers.10.self_attn.k_proj": -0.2499999999999929,
    "model.layers.10.self_attn.o_proj": -0.3999999999999986,
    "model.layers.10.self_attn.q_proj": -0.29999999999999716,
    "model.layers.10.self_attn.v_proj": 0.20000000000000284,
    "model.layers.11.mlp.down_proj": -0.54999999999999,
    "model.layers.11.mlp.gate_proj": 0.05000000000001137,
    "model.layers.11.mlp.up_proj": 0.0,
    "model.layers.11.self_attn.k_proj": 0.0,
    "model.layers.11.self_attn.o_proj": 0.10000000000000142,
    "model.layers.11.self_attn.q_proj": 0.2500000000000071,
    "model.layers.11.self_attn.v_proj": -0.7499999999999929,
    "model.layers.12.mlp.down_proj": -0.6000000000000014,
    "model.layers.12.mlp.gate_proj": -0.3499999999999943,
    "model.layers.12.mlp.up_proj": -0.54999999999999,
    "model.layers.12.self_attn.k_proj": -0.04999999999999005,
    "model.layers.12.self_attn.o_proj": -0.09999999999999432,
    "model.layers.12.self_attn.q_proj": -0.44999999999999574,
    "model.layers.12.self_attn.v_proj": 0.45000000000000995,
    "model.layers.13.mlp.down_proj": 0.20000000000000284,
    "model.layers.13.mlp.gate_proj": 0.10000000000000142,
    "model.layers.13.mlp.up_proj": -0.54999999999999,
    "model.layers.13.self_attn.k_proj": -0.19999999999999574,
    "model.layers.13.self_attn.o_proj": -0.6499999999999915,
    "model.layers.13.self_attn.q_proj": -0.19999999999999574,
    "model.layers.13.self_attn.v_proj": 0.10000000000000142,
    "model.layers.14.mlp.down_proj": -0.44999999999999574,
    "model.layers.14.mlp.gate_proj": -0.14999999999999147,
    "model.layers.14.mlp.up_proj": 0.8000000000000043,
    "model.layers.14.self_attn.k_proj": -0.3499999999999943,
    "model.layers.14.self_attn.o_proj": -0.29999999999999716,
    "model.layers.14.self_attn.q_proj": -0.54999999999999,
    "model.layers.14.self_attn.v_proj": 0.4000000000000057,
    "model.layers.15.mlp.down_proj": -0.6999999999999957,
    "model.layers.15.mlp.gate_proj": 0.20000000000000284,
    "model.layers.15.mlp.up_proj": -0.19999999999999574,
    "model.layers.15.self_attn.k_proj": -0.04999999999999005,
    "model.layers.15.self_attn.o_proj": 0.5500000000000114,
    "model.layers.15.self_attn.q_proj": 0.0,
    "model.layers.15.self_attn.v_proj": -0.3499999999999943,
    "model.layers.16.mlp.down_proj": 0.20000000000000284,
    "model.layers.16.mlp.gate_proj": 0.0,
    "model.layers.16.mlp.up_proj": -0.04999999999999005,
    "model.layers.16.self_attn.k_proj": -0.04999999999999005,
    "model.layers.16.self_attn.o_proj": 0.2500000000000071,
    "model.layers.16.self_attn.q_proj": -0.09999999999999432,
    "model.layers.16.self_attn.v_proj": 0.10000000000000142,
    "model.layers.17.mlp.down_proj": -0.14999999999999147,
    "model.layers.17.mlp.gate_proj": -0.2499999999999929,
    "model.layers.17.mlp.up_proj": -0.6499999999999915,
    "model.layers.17.self_attn.k_proj": 0.0,
    "model.layers.17.self_attn.o_proj": -0.3999999999999986,
    "model.layers.17.self_attn.q_proj": 0.10000000000000142,
    "model.layers.17.self_attn.v_proj": -0.19999999999999574,
    "model.layers.18.mlp.down_proj": 0.05000000000001137,
    "model.layers.18.mlp.gate_proj": 0.6500000000000057,
    "model.layers.18.mlp.up_proj": -0.09999999999999432,
    "model.layers.18.self_attn.k_proj": -0.14999999999999147,
    "model.layers.18.self_attn.o_proj": 0.15000000000000568,
    "model.layers.18.self_attn.q_proj": -0.2499999999999929,
    "model.layers.18.self_attn.v_proj": 0.5500000000000114,
    "model.layers.19.mlp.down_proj": -0.3499999999999943,
    "model.layers.19.mlp.gate_proj": -0.6999999999999957,
    "model.layers.19.mlp.up_proj": -1.29999999999999,
    "model.layers.19.self_attn.k_proj": 0.05000000000001137,
    "model.layers.19.self_attn.o_proj": -0.09999999999999432,
    "model.layers.19.self_attn.q_proj": 0.20000000000000284,
    "model.layers.19.self_attn.v_proj": -0.04999999999999005,
    "model.layers.2.mlp.down_proj": -0.9499999999999957,
    "model.layers.2.mlp.gate_proj": 0.0,
    "model.layers.2.mlp.up_proj": -0.2499999999999929,
    "model.layers.2.self_attn.k_proj": 0.10000000000000142,
    "model.layers.2.self_attn.o_proj": -0.3999999999999986,
    "model.layers.2.self_attn.q_proj": 0.05000000000001137,
    "model.layers.2.self_attn.v_proj": 1.4000000000000057,
    "model.layers.20.mlp.down_proj": 0.7000000000000028,
    "model.layers.20.mlp.gate_proj": -0.04999999999999005,
    "model.layers.20.mlp.up_proj": 0.15000000000000568,
    "model.layers.20.self_attn.k_proj": -0.09999999999999432,
    "model.layers.20.self_attn.o_proj": 0.3500000000000085,
    "model.layers.20.self_attn.q_proj": -0.04999999999999005,
    "model.layers.20.self_attn.v_proj": -0.44999999999999574,
    "model.layers.21.mlp.down_proj": 3.6000000000000085,
    "model.layers.21.mlp.gate_proj": 1.1500000000000128,
    "model.layers.21.mlp.up_proj": -0.54999999999999,
    "model.layers.21.self_attn.k_proj": -0.3499999999999943,
    "model.layers.21.self_attn.o_proj": 0.05000000000001137,
    "model.layers.21.self_attn.q_proj": -0.04999999999999005,
    "model.layers.21.self_attn.v_proj": 0.2500000000000071,
    "model.layers.3.mlp.down_proj": -0.14999999999999147,
    "model.layers.3.mlp.gate_proj": 0.10000000000000142,
    "model.layers.3.mlp.up_proj": -0.29999999999999716,
    "model.layers.3.self_attn.k_proj": -0.04999999999999005,
    "model.layers.3.self_attn.o_proj": -0.8999999999999986,
    "model.layers.3.self_attn.q_proj": -0.04999999999999005,
    "model.layers.3.self_attn.v_proj": -0.09999999999999432,
    "model.layers.4.mlp.down_proj": 0.4000000000000057,
    "model.layers.4.mlp.gate_proj": -0.3499999999999943,
    "model.layers.4.mlp.up_proj": -0.2499999999999929,
    "model.layers.4.self_attn.k_proj": -0.04999999999999005,
    "model.layers.4.self_attn.o_proj": -0.29999999999999716,
    "model.layers.4.self_attn.q_proj": -0.2499999999999929,
    "model.layers.4.self_attn.v_proj": 0.20000000000000284,
    "model.layers.5.mlp.down_proj": 0.10000000000000142,
    "model.layers.5.mlp.gate_proj": 0.05000000000001137,
    "model.layers.5.mlp.up_proj": 0.2500000000000071,
    "model.layers.5.self_attn.k_proj": -0.19999999999999574,
    "model.layers.5.self_attn.o_proj": -0.19999999999999574,
    "model.layers.5.self_attn.q_proj": 0.05000000000001137,
    "model.layers.5.self_attn.v_proj": 0.0,
    "model.layers.6.mlp.down_proj": -0.29999999999999716,
    "model.layers.6.mlp.gate_proj": 0.5,
    "model.layers.6.mlp.up_proj": 0.05000000000001137,
    "model.layers.6.self_attn.k_proj": 0.10000000000000142,
    "model.layers.6.self_attn.o_proj": -0.14999999999999147,