{
  "meta": {
    "model_name_or_path": "TinyLlama/TinyLlama-1.1B-intermediate-step-1431k-3T",
    "split": "validation",
    "block_size": 512,
    "batch_size": 32,
    "max_eval_samples": null,
    "sparsity": 0.3,
    "dtype": "fp32",
    "baseline_ppl": 12.28584575179285,
    "timestamp": "20260323_185146"
  },
  "sensitivities": {
    "model.layers.0.mlp.down_proj": -0.007847216361605902,
    "model.layers.0.mlp.gate_proj": 0.007931524503103304,
    "model.layers.0.mlp.up_proj": 0.005959847277342334,
    "model.layers.0.self_attn.k_proj": 1.7112554097309385e-05,
    "model.layers.0.self_attn.o_proj": -0.010559602152151015,
    "model.layers.0.self_attn.q_proj": -6.690831607691905e-05,
    "model.layers.0.self_attn.v_proj": 0.028216400844828016,
    "model.layers.1.mlp.down_proj": 0.004775018624355809,
    "model.layers.1.mlp.gate_proj": 0.008498004414501992,
    "model.layers.1.mlp.up_proj": 0.008935840921830973,
    "model.layers.1.self_attn.k_proj": 0.00010190484048244741,
    "model.layers.1.self_attn.o_proj": 0.01609292864888623,
    "model.layers.1.self_attn.q_proj": -0.001090066826003877,
    "model.layers.1.self_attn.v_proj": 0.04845766922408146,
    "model.layers.10.mlp.down_proj": 0.004734456999422321,
    "model.layers.10.mlp.gate_proj": 0.0014272072418748394,
    "model.layers.10.mlp.up_proj": 0.0027736240393423373,
    "model.layers.10.self_attn.k_proj": 0.0028812574027732296,
    "model.layers.10.self_attn.o_proj": 0.002247806977026201,
    "model.layers.10.self_attn.q_proj": 0.001024945277018574,
    "model.layers.10.self_attn.v_proj": 0.008571747455940582,
    "model.layers.11.mlp.down_proj": 0.0013208200829506467,
    "model.layers.11.mlp.gate_proj": 0.0013712382303925352,
    "model.layers.11.mlp.up_proj": 0.007100364299144957,
    "model.layers.11.self_attn.k_proj": 0.0007421825793461068,
    "model.layers.11.self_attn.o_proj": 0.011929992870291173,
    "model.layers.11.self_attn.q_proj": 0.0024029283805990787,
    "model.layers.11.self_attn.v_proj": 0.01303248113644706,
    "model.layers.12.mlp.down_proj": 0.006176096229305372,
    "model.layers.12.mlp.gate_proj": 0.008402355103369175,
    "model.layers.12.mlp.up_proj": 0.011936474175429979,
    "model.layers.12.self_attn.k_proj": -0.00023032340879680646,
    "model.layers.12.self_attn.o_proj": 0.012094958580743054,
    "model.layers.12.self_attn.q_proj": 0.003963194691715799,
    "model.layers.12.self_attn.v_proj": 0.0020004802803352817,
    "model.layers.13.mlp.down_proj": 0.014880574372794442,
    "model.layers.13.mlp.gate_proj": 0.004315739303198285,
    "model.layers.13.mlp.up_proj": 0.0025227401886720457,
    "model.layers.13.self_attn.k_proj": 0.0015847852771084803,
    "model.layers.13.self_attn.o_proj": 0.007430785401318474,
    "model.layers.13.self_attn.q_proj": 0.005999487492323041,
    "model.layers.13.self_attn.v_proj": -0.0005300148737177324,
    "model.layers.14.mlp.down_proj": 0.005281510414224755,
    "model.layers.14.mlp.gate_proj": 0.0036723452896314512,
    "model.layers.14.mlp.up_proj": 0.007919800249053921,
    "model.layers.14.self_attn.k_proj": 0.003736035476761046,
    "model.layers.14.self_attn.o_proj": 0.013589935834570355,
    "model.layers.14.self_attn.q_proj": 0.0012525169287798121,
    "model.layers.14.self_attn.v_proj": -0.005727666087048888,
    "model.layers.15.mlp.down_proj": 0.00562314196778857,
    "model.layers.15.mlp.gate_proj": -0.0008935197093116187,
    "model.layers.15.mlp.up_proj": 0.00027688713593221337,
    "model.layers.15.self_attn.k_proj": 0.0018671047949432307,
    "model.layers.15.self_attn.o_proj": 0.002846407528599215,
    "model.layers.15.self_attn.q_proj": -0.0005696340315708426,
    "model.layers.15.self_attn.v_proj": -0.004874411467042705,
    "model.layers.16.mlp.down_proj": 0.015316014074258533,
    "model.layers.16.mlp.gate_proj": 0.004271015235969955,
    "model.layers.16.mlp.up_proj": 0.004796147736760403,
    "model.layers.16.self_attn.k_proj": -0.0007853018368511044,
    "model.layers.16.self_attn.o_proj": 0.007088795093750377,
    "model.layers.16.self_attn.q_proj": 0.0038179233452169115,
    "model.layers.16.self_attn.v_proj": 0.017619732662380372,
    "model.layers.17.mlp.down_proj": 0.01887589873374651,
    "model.layers.17.mlp.gate_proj": 0.00921138661911769,
    "model.layers.17.mlp.up_proj": 0.0010446803210992783,
    "model.layers.17.self_attn.k_proj": 0.0014788593106249692,
    "model.layers.17.self_attn.o_proj": -0.001466503583433365,
    "model.layers.17.self_attn.q_proj": 0.0029788684171183633,
    "model.layers.17.self_attn.v_proj": 0.0032826548922830767,
    "model.layers.18.mlp.down_proj": 0.01255915834721577,
    "model.layers.18.mlp.gate_proj": 0.004988162138518604,
    "model.layers.18.mlp.up_proj": 0.017073519529601455,
    "model.layers.18.self_attn.k_proj": 0.009459629883851406,
    "model.layers.18.self_attn.o_proj": 0.001506150192829736,
    "model.layers.18.self_attn.q_proj": 0.002373476750792136,
    "model.layers.18.self_attn.v_proj": 0.0071933811062052655,
    "model.layers.19.mlp.down_proj": 0.02683366901746176,
    "model.layers.19.mlp.gate_proj": 0.005848330938002633,
    "model.layers.19.mlp.up_proj": 0.004266234397034552,
    "model.layers.19.self_attn.k_proj": 0.0031150316801333844,
    "model.layers.19.self_attn.o_proj": 0.009585990561921776,
    "model.layers.19.self_attn.q_proj": 0.0043771194949009384,
    "model.layers.19.self_attn.v_proj": 0.012134772900346036,
    "model.layers.2.mlp.down_proj": 0.1309243701153271,
    "model.layers.2.mlp.gate_proj": 0.007178726670325375,
    "model.layers.2.mlp.up_proj": -0.002923276038352185,
    "model.layers.2.self_attn.k_proj": -0.0005714839502193314,
    "model.layers.2.self_attn.o_proj": 0.01394414567621105,
    "model.layers.2.self_attn.q_proj": 0.0019616239201187824,
    "model.layers.2.self_attn.v_proj": 0.03029148520874969,
    "model.layers.20.mlp.down_proj": 0.019158306722243168,
    "model.layers.20.mlp.gate_proj": -0.0016975702283499317,
    "model.layers.20.mlp.up_proj": 0.004725974547248768,
    "model.layers.20.self_attn.k_proj": 0.0019921539070857364,
    "model.layers.20.self_attn.o_proj": 0.001277648744968829,
    "model.layers.20.self_attn.q_proj": 0.002095308818134356,
    "model.layers.20.self_attn.v_proj": -0.0014476974344042048,
    "model.layers.21.mlp.down_proj": 0.050331209437144864,
    "model.layers.21.mlp.gate_proj": 0.022055640381445585,
    "model.layers.21.mlp.up_proj": 0.02090879409416857,
    "model.layers.21.self_attn.k_proj": 0.0039946549547469345,
    "model.layers.21.self_attn.o_proj": 0.004306023371306367,
    "model.layers.21.self_attn.q_proj": 0.006182882991225824,
    "model.layers.21.self_attn.v_proj": 0.017162906621884133,
    "model.layers.3.mlp.down_proj": 0.003521525775351364,
    "model.layers.3.mlp.gate_proj": 0.0047759439861838615,
    "model.layers.3.mlp.up_proj": 0.005734502025093846,
    "model.layers.3.self_attn.k_proj": 0.0059820581213525514,
    "model.layers.3.self_attn.o_proj": 0.006015528705145101,
    "model.layers.3.self_attn.q_proj": -0.0013801800392130303,
    "model.layers.3.self_attn.v_proj": 0.01267876052738437,
    "model.layers.4.mlp.down_proj": 0.0006504479876863201,
    "model.layers.4.mlp.gate_proj": -0.001405460568543404,
    "model.layers.4.mlp.up_proj": 0.0002961584661882455,
    "model.layers.4.self_attn.k_proj": -0.002712886289099714,
    "model.layers.4.self_attn.o_proj": -0.003311216039167064,
    "model.layers.4.self_attn.q_proj": 8.217131067489447e-05,
    "model.layers.4.self_attn.v_proj": 0.02057553992341532,
    "model.layers.5.mlp.down_proj": 0.006987912084131409,
    "model.layers.5.mlp.gate_proj": 0.001107277623773939,
    "model.layers.5.mlp.up_proj": 0.0008553485486419987,
    "model.layers.5.self_attn.k_proj": 0.003370091274607745,
    "model.layers.5.self_attn.o_proj": 0.004687572246131921,
    "model.layers.5.self_attn.q_proj": 0.0041883532504520815,
    "model.layers.5.self_attn.v_proj": -0.0027642124723481487,