{
  "layer_0": 0.15590619678004813,
  "layer_1": 0.6733477867626831,
  "layer_2": 0.9126604805744805,
  "layer_3": 0.9206905556653915,
  "layer_4": 0.6232081135001621,
  "layer_5": 0.62344435212054,
  "layer_6": 0.597254447913949,
  "layer_7": 1.199837805466757,
  "layer_8": 0.7613883403333226,
  "layer_9": 0.6277280797837115,
  "layer_10": 0.578297428876219,
  "layer_11": 0.5942572778605921,
  "layer_12": 0.6569820143213612,
  "layer_13": 0.547797462756284,
  "layer_14": 0.9694781071670029,
  "layer_15": 1.0990237177197706,
  "layer_16": 1.4187761320979089,
  "layer_17": 0.9040082975248129,
  "layer_18": 1.0279808601755622,
  "layer_19": 0.9618937286462561,
  "layer_20": 2.1542419600353444,
  "layer_21": 7.459861153384297
}