{
  "sensitivities": {
    "layer_0": -0.01100000000000001,
    "layer_1": -0.00649999999999995,
    "layer_2": -0.0014999999999999458,
    "layer_3": -0.02299999999999991,
    "layer_4": -0.008499999999999952,
    "layer_5": 0.007000000000000006,
    "layer_6": -0.0020000000000000018,
    "layer_7": 0.0040000000000000036,
    "layer_8": 0.0010000000000000009,
    "layer_9": -0.010000000000000009,
    "layer_10": 0.0045000000000000595,
    "layer_11": 0.007000000000000006,
    "layer_12": -0.01100000000000001,
    "layer_13": -0.014999999999999902,
    "layer_14": -0.0044999999999999485,
    "layer_15": -0.0034999999999999476,
    "layer_16": -0.006000000000000005,
    "layer_17": -0.009000000000000008,
    "layer_18": 0.006500000000000061,
    "layer_19": -0.019499999999999962,
    "layer_20": 0.010500000000000065,
    "layer_21": 0.029000000000000026
  },
  "metadata": {
    "method": "PMPQ",
    "sensitivity_type": "pruning_accuracy_drop",
    "formula": "sensitivity[i] = baseline_accuracy - pruned_accuracy",
    "model_key": "TinyLlama-1.1B",
    "model_name": "TinyLlama/TinyLlama-1.1B-intermediate-step-1431k-3T",
    "num_layers": 22,
    "hidden_dim": 2048,
    "group_size": 128,
    "sparsity_level": 0.3,
    "calibration_split": "train",
    "calibration_samples": 2000,
    "max_length": 512,
    "batch_size": 64,
    "baseline_accuracy": 0.6125,
    "baseline_correct": 1225,
    "baseline_total": 2000,
    "fp32_model_size_mb": 4196.3516845703125,
    "device": "cuda",
    "num_gpus": 4,
    "timestamp": "20260329_000300",
    "note": "Higher sensitivity = more accuracy drop when pruned = more sensitive to quantization = assign higher bit-width."
  },
  "timing": {
    "model_loading_time_s": 10.13879656791687,
    "baseline_evaluation_time_s": 77.94581818580627,
    "sensitivity_computation_time_s": 1906.4354181289673,
    "total_pipeline_time_s": 1916.5778703689575,
    "per_layer_times_s": {
      "layer_0": 84.39419388771057,
      "layer_1": 83.97829723358154,
      "layer_2": 84.9519910812378,
      "layer_3": 80.86145877838135,
      "layer_4": 84.91816639900208,
      "layer_5": 80.93086981773376,
      "layer_6": 84.97151160240173,
      "layer_7": 80.74074268341064,
      "layer_8": 84.99048495292664,
      "layer_9": 80.7605185508728,
      "layer_10": 84.55934476852417,
      "layer_11": 80.89932370185852,
      "layer_12": 84.88397026062012,
      "layer_13": 80.7862434387207,
      "layer_14": 84.69634580612183,
      "layer_15": 80.81999468803406,
      "layer_16": 85.01985836029053,
      "layer_17": 80.73769760131836,
      "layer_18": 84.94079446792603,
      "layer_19": 80.7541093826294,
      "layer_20": 85.11144208908081,
      "layer_21": 81.13744473457336
    }
  },
  "per_layer_pruned_accuracies": {
    "layer_0": 0.6235,
    "layer_1": 0.619,
    "layer_2": 0.614,
    "layer_3": 0.6355,
    "layer_4": 0.621,
    "layer_5": 0.6055,
    "layer_6": 0.6145,
    "layer_7": 0.6085,
    "layer_8": 0.6115,
    "layer_9": 0.6225,
    "layer_10": 0.608,
    "layer_11": 0.6055,
    "layer_12": 0.6235,
    "layer_13": 0.6275,
    "layer_14": 0.617,
    "layer_15": 0.616,
    "layer_16": 0.6185,
    "layer_17": 0.6215,
    "layer_18": 0.606,
    "layer_19": 0.632,
    "layer_20": 0.602,
    "layer_21": 0.5835
  },
  "ranked_layers_most_to_least_sensitive": [
    21,
    20,
    5,
    11,
    18,
    10,
    7,
    8,
    2,
    6,
    15,
    14,
    16,
    1,
    4,
    17,
    9,
    0,
    12,
    13,
    19,
    3
  ]
}