{
  "sensitivities": {
    "layer_0": 0.1559052606544995,
    "layer_1": 0.6733512654229106,
    "layer_2": 0.9126621169909583,
    "layer_3": 0.9206915639944668,
    "layer_4": 0.6232087871005003,
    "layer_5": 0.6234433256130778,
    "layer_6": 0.5972518460429495,
    "layer_7": 1.1998379196286635,
    "layer_8": 0.7613896497690913,
    "layer_9": 0.6277265028761008,
    "layer_10": 0.5782968521755851,
    "layer_11": 0.5942556032977659,
    "layer_12": 0.6569818152829789,
    "layer_13": 0.5477962403849421,
    "layer_14": 0.9694811008598823,
    "layer_15": 1.0990245434026562,
    "layer_16": 1.4187775354678145,
    "layer_17": 0.9040085721399951,
    "layer_18": 1.0279811504412049,
    "layer_19": 0.9618935232921082,
    "layer_20": 2.154243331178753,
    "layer_21": 7.459869531749975
  },
  "metadata": {
    "method": "PMPQ",
    "sensitivity_type": "pruning_perplexity_increase",
    "formula": "sensitivity[i] = pruned_ppl - baseline_ppl",
    "model_key": "TinyLlama-1.1B",
    "model_name": "TinyLlama/TinyLlama-1.1B-intermediate-step-1431k-3T",
    "num_layers": 22,
    "hidden_dim": 2048,
    "group_size": 128,
    "sparsity_level": 0.3,
    "calibration_split": "validation",
    "calibration_samples": 581,
    "total_tokens": 297472,
    "sequence_length": 512,
    "baseline_ppl_train": 12.244954981169501,
    "fp32_model_size_mb": 4196.3516845703125,
    "device": "cuda",
    "num_gpus": 4,
    "timestamp": "20260327_131254",
    "note": "Higher sensitivity = more perplexity increase when pruned = more sensitive to quantization = assign higher bit-width."
  },
  "timing": {
    "model_loading_time_s": 10.34115481376648,
    "baseline_evaluation_time_s": 46.484124183654785,
    "sensitivity_computation_time_s": 1182.3354976177216,
    "total_pipeline_time_s": 1320.908441066742,
    "per_layer_times_s": {
      "layer_0": 58.738200664520264,
      "layer_1": 58.78987121582031,
      "layer_2": 58.86163139343262,
      "layer_3": 48.63606905937195,
      "layer_4": 62.10418891906738,
      "layer_5": 48.88272309303284,
      "layer_6": 48.61404514312744,
      "layer_7": 48.67661786079407,
      "layer_8": 48.80237793922424,
      "layer_9": 48.63905167579651,
      "layer_10": 58.60136961936951,
      "layer_11": 48.84959411621094,
      "layer_12": 48.59119749069214,
      "layer_13": 48.73765683174133,
      "layer_14": 58.7455894947052,
      "layer_15": 48.7695894241333,
      "layer_16": 48.756263971328735,
      "layer_17": 48.76213812828064,
      "layer_18": 48.54853057861328,
      "layer_19": 48.64741778373718,
      "layer_20": 48.705543756484985,
      "layer_21": 48.56745219230652
    }
  },
  "ranked_layers_most_to_least_sensitive": [
    21,
    20,
    16,
    7,
    15,
    18,
    14,
    19,
    3,
    2,
    17,
    8,
    1,
    12,
    9,
    5,
    4,
    6,
    11,
    10,
    13,
    0
  ]
}