{
  "layer_0": 0.20000000000000284,
  "layer_1": -1.04999999999999,
  "layer_2": 1.5499999999999972,
  "layer_3": -1.04999999999999,
  "layer_4": -1.6499999999999915,
  "layer_5": -0.10000000000000142,
  "layer_6": 0.14999999999999858,
  "layer_7": -0.15000000000000568,
  "layer_8": -0.3500000000000014,
  "layer_9": -1.1999999999999957,
  "layer_10": -0.44999999999999574,
  "layer_11": 0.8499999999999943,
  "layer_12": -2.1000000000000014,
  "layer_13": -1.04999999999999,
  "layer_14": -0.9499999999999957,
  "layer_15": -1.6499999999999915,
  "layer_16": -1.3499999999999943,
  "layer_17": -1.2999999999999972,
  "layer_18": 0.5499999999999972,
  "layer_19": -2.1499999999999915,
  "layer_20": 1.5,
  "layer_21": 0.8000000000000043
}