{
  "layer_0": -1.1999999999999957,
  "layer_1": -0.6499999999999915,
  "layer_2": -0.14999999999999147,
  "layer_3": -2.1999999999999886,
  "layer_4": -0.8999999999999986,
  "layer_5": 0.6500000000000057,
  "layer_6": -0.3499999999999943,
  "layer_7": 0.30000000000000426,
  "layer_8": 0.05000000000001137,
  "layer_9": -1.0,
  "layer_10": 0.5500000000000114,
  "layer_11": 0.8000000000000043,
  "layer_12": -1.1499999999999915,
  "layer_13": -1.3499999999999943,
  "layer_14": -0.44999999999999574,
  "layer_15": -0.2499999999999929,
  "layer_16": -0.54999999999999,
  "layer_17": -0.8499999999999943,
  "layer_18": 0.6500000000000057,
  "layer_19": -1.9999999999999858,
  "layer_20": 1.250000000000007,
  "layer_21": 3.000000000000007
}