{
  "layer_0": 0.25,
  "layer_1": 0.5499999999999972,
  "layer_2": 0.6000000000000014,
  "layer_3": 0.5,
  "layer_4": -0.10000000000000142,
  "layer_5": 0.25,
  "layer_6": 0.5,
  "layer_7": 0.3500000000000014,
  "layer_8": 0.44999999999999574,
  "layer_9": 0.5499999999999972,
  "layer_10": 0.0,
  "layer_11": 0.6000000000000014,
  "layer_12": 0.04999999999999716,
  "layer_13": 0.29999999999999716,
  "layer_14": 0.04999999999999716,
  "layer_15": 0.19999999999999574,
  "layer_16": 0.29999999999999716,
  "layer_17": 0.29999999999999716,
  "layer_18": 0.14999999999999858,
  "layer_19": 0.44999999999999574,
  "layer_20": 0.5,
  "layer_21": 0.75
}