{
  "layer_0": 0.01865762544329108,
  "layer_1": 0.1052570478827235,
  "layer_2": 0.22776959507204708,
  "layer_3": 0.05160704073428768,
  "layer_4": 0.035457983055939835,
  "layer_5": 0.003465843690987569,
  "layer_6": 0.053832421775512174,
  "layer_7": -0.19833324081555936,
  "layer_8": 0.0664446532816303,
  "layer_9": 0.07663423069540265,
  "layer_10": 0.03130695757855939,
  "layer_11": 0.06016772615771693,
  "layer_12": 0.048218432986095294,
  "layer_13": 0.035630728914691545,
  "layer_14": 0.035036376247525425,
  "layer_15": 0.0036264583729348487,
  "layer_16": 0.06787127380671798,
  "layer_17": 0.038365707434669716,
  "layer_18": 0.05165688016970016,
  "layer_19": 0.06468655621741703,
  "layer_20": 0.03625439096567362,
  "layer_21": 0.12386862505696072
}